Workbook

Sheet Table
A1: M = N | B1: Количество потоков
B2: 1 | C2: 2 | E2: 4 | G2: 7 | I2: 8 | K2: 16 | M2: 20 | O2: 40
B3: T1 | C3: T2 | D3: S2 | E3: T4 | F3: S4 | G3: T7 | H3: S7 | I3: T8 | J3: S8 | K3: T16 | L3: S16 | M3: T20 | N3: S20 | O3: T40 | P3: S40
A4: 20000 (~ 3 GiB) | B4: 1.03013 | C4: 0.542982 | D4: =IF(OR($B4="",C4=""),"",$B4/C4) -> 1.8971715 | E4: 0.260453 | F4: =IF(OR($B4="",E4=""),"",$B4/E4) -> 3.9551474 | G4: 0.148743 | H4: =IF(OR($B4="",G4=""),"",$B4/G4) -> 6.9255696 | I4: 0.14346 | J4: =IF(OR($B4="",I4=""),"",$B4/I4) -> 7.1806078 | K4: 0.0662981 | L4: =IF(OR($B4="",K4=""),"",$B4/K4) -> 15.537851 | M4: 0.0526813 | N4: =IF(OR($B4="",M4=""),"",$B4/M4) -> 19.553997 | O4: 0.0468009 | P4: =IF(OR($B4="",O4=""),"",$B4/O4) -> 22.010901
A5: 40000 (~ 12 GiB) | B5: 4.13308 | C5: 2.24931 | D5: =B5/C5 -> 1.8374879 | E5: 1.12773 | F5: =IF(OR($B5="",E5=""),"",$B5/E5) -> 3.6649553 | G5: 0.632476 | H5: =IF(OR($B5="",G5=""),"",$B5/G5) -> 6.5347618 | I5: 0.563218 | J5: =IF(OR($B5="",I5=""),"",$B5/I5) -> 7.3383308 | K5: 0.269015 | L5: =IF(OR($B5="",K5=""),"",$B5/K5) -> 15.363753 | M5: 0.217456 | N5: =IF(OR($B5="",M5=""),"",$B5/M5) -> 19.006512 | O5: 0.183689 | P5: =IF(OR($B5="",O5=""),"",$B5/O5) -> 22.500422

Sheet Chart
A1: Потоки | B1: S (20000) | C1: S (40000) | D1: Linear
A2: 1 | B2: =IF(Table!$B$4="","",1) -> 1 | C2: =IF(Table!$B$5="","",1) -> 1 | D2: =A2 -> 1
A3: 2 | B3: =Table!D4 -> 1.8971715 | C3: =Table!D5 -> 1.8374879 | D3: =A3 -> 2
A4: 4 | B4: =Table!F4 -> 3.9551474 | C4: =Table!F5 -> 3.6649553 | D4: =A4 -> 4
A5: 7 | B5: =Table!H4 -> 6.9255696 | C5: =Table!H5 -> 6.5347618 | D5: =A5 -> 7
A6: 8 | B6: =Table!J4 -> 7.1806078 | C6: =Table!J5 -> 7.3383308 | D6: =A6 -> 8
A7: 16 | B7: =Table!L4 -> 15.537851 | C7: =Table!L5 -> 15.363753 | D7: =A7 -> 16
A8: 20 | B8: =Table!N4 -> 19.553997 | C8: =Table!N5 -> 19.006512 | D8: =A8 -> 20
A9: 40 | B9: =Table!P4 -> 22.010901 | C9: =Table!P5 -> 22.500422 | D9: =A9 -> 40
